Fréquence (MHz),Magnitude (U),Phase (°)
+3.0000000000E+09,+5.4138127649E-02,+5.4138127649E-02
+3.0030000000E+09,+5.2262208110E-02,-1.4876849514E+02
+3.0060000000E+09,+5.4963347998E-02,+5.2262208110E-02
+3.0090000000E+09,+5.8399193378E-02,-1.5037084715E+02
+3.0120000000E+09,+6.2066696172E-02,+5.4963347998E-02
+3.0150000000E+09,+6.2868916904E-02,-1.5372817393E+02
+3.0180000000E+09,+6.6250800598E-02,+5.8399193378E-02
+3.0210000000E+09,+7.3561740502E-02,-1.5291590968E+02
+3.0240000000E+09,+7.6915474239E-02,+6.2066696172E-02
+3.0270000000E+09,+7.7391525495E-02,-1.5388795938E+02
+3.0300000000E+09,+8.2363694506E-02,+6.2868916904E-02
+3.0330000000E+09,+8.9277192626E-02,-1.5478498946E+02
+3.0360000000E+09,+9.0249113714E-02,+6.6250800598E-02
+3.0390000000E+09,+9.6327367105E-02,-1.5697338504E+02
+3.0420000000E+09,+9.8798476158E-02,+7.3561740502E-02
+3.0450000000E+09,+1.0256798057E-01,-1.5710832222E+02
+3.0480000000E+09,+1.0725164364E-01,+7.6915474239E-02
+3.0510000000E+09,+1.1707073914E-01,-1.5656776722E+02
+3.0540000000E+09,+1.2232519802E-01,+7.7391525495E-02
+3.0570000000E+09,+1.2811755968E-01,-1.5922084621E+02
+3.0600000000E+09,+1.4245066205E-01,+8.2363694506E-02
+3.0630000000E+09,+1.4549834835E-01,-1.5957910450E+02
+3.0660000000E+09,+1.5376486287E-01,+8.9277192626E-02
+3.0690000000E+09,+1.6455027392E-01,-1.6035024478E+02
+3.0720000000E+09,+1.7352502923E-01,+9.0249113714E-02
+3.0750000000E+09,+1.8789461557E-01,-1.6210371149E+02
+3.0780000000E+09,+1.9514964662E-01,+9.6327367105E-02
+3.0810000000E+09,+2.1181182390E-01,-1.6346168848E+02
+3.0840000000E+09,+2.2222371345E-01,+9.8798476158E-02
+3.0870000000E+09,+2.3776201970E-01,-1.6482842320E+02
+3.0900000000E+09,+2.5775086588E-01,+1.0256798057E-01
+3.0930000000E+09,+2.7791320078E-01,-1.6600695451E+02
+3.0960000000E+09,+2.9841552990E-01,+1.0725164364E-01
+3.0990000000E+09,+3.1654024013E-01,-1.6702432411E+02
+3.1020000000E+09,+3.4321246512E-01,+1.1707073914E-01
+3.1050000000E+09,+3.6606619840E-01,-1.6796142377E+02
+3.1080000000E+09,+3.9632832986E-01,+1.2232519802E-01
+3.1110000000E+09,+4.2737815161E-01,-1.6978263523E+02
+3.1140000000E+09,+4.5771689356E-01,+1.2811755968E-01
+3.1170000000E+09,+4.9625028859E-01,-1.7182389340E+02
+3.1200000000E+09,+5.3811611404E-01,+1.4245066205E-01
+3.1230000000E+09,+5.7983554931E-01,-1.7091173262E+02
+3.1260000000E+09,+6.1815169832E-01,+1.4549834835E-01
+3.1290000000E+09,+6.6365502922E-01,-1.7311145185E+02
+3.1320000000E+09,+7.0820825600E-01,+1.5376486287E-01
+3.1350000000E+09,+7.4793831284E-01,-1.7419309529E+02
+3.1380000000E+09,+7.8882016871E-01,+1.6455027392E-01
+3.1410000000E+09,+8.1766864660E-01,-1.7616377552E+02
+3.1440000000E+09,+8.5280514347E-01,+1.7352502923E-01
+3.1470000000E+09,+8.6910234568E-01,-1.7719398565E+02
+3.1500000000E+09,+8.9098737141E-01,+1.8789461557E-01
+3.1530000000E+09,+8.9088736436E-01,-1.7818080585E+02
+3.1560000000E+09,+8.9890790408E-01,+1.9514964662E-01
+3.1590000000E+09,+8.9405989290E-01,+1.7871415436E+02
+3.1620000000E+09,+8.9163413200E-01,+2.1181182390E-01
+3.1650000000E+09,+8.8039824219E-01,+1.7757002075E+02
+3.1680000000E+09,+8.7160986146E-01,+2.2222371345E-01
+3.1710000000E+09,+8.6351694679E-01,+1.7553182904E+02
+3.1740000000E+09,+8.5144172460E-01,+2.3776201970E-01
+3.1770000000E+09,+8.4235117285E-01,+1.7371932257E+02
+3.1800000000E+09,+8.3249386838E-01,+2.5775086588E-01
+3.1830000000E+09,+8.2593827770E-01,+1.7229488200E+02
+3.1860000000E+09,+8.1605649120E-01,+2.7791320078E-01
+3.1890000000E+09,+8.0681673207E-01,+1.7100428687E+02
+3.1920000000E+09,+7.9999619583E-01,+2.9841552990E-01
+3.1950000000E+09,+7.9815080192E-01,+1.6777459511E+02
+3.1980000000E+09,+7.9373150947E-01,+3.1654024013E-01
+3.2010000000E+09,+7.8758046706E-01,+1.6514631890E+02
+3.2040000000E+09,+7.8650777407E-01,+3.4321246512E-01
+3.2070000000E+09,+7.8016506404E-01,+1.6307290625E+02
+3.2100000000E+09,+7.8023700574E-01,+3.6606619840E-01
+3.2130000000E+09,+7.7920618371E-01,+1.5986089796E+02
+3.2160000000E+09,+7.7925316892E-01,+3.9632832986E-01
+3.2190000000E+09,+7.8125910029E-01,+1.5685000765E+02
+3.2220000000E+09,+7.8140268201E-01,+4.2737815161E-01
+3.2250000000E+09,+7.8233463003E-01,+1.5395756296E+02
+3.2280000000E+09,+7.8520849947E-01,+4.5771689356E-01
+3.2310000000E+09,+7.8703582075E-01,+1.4938646373E+02
+3.2340000000E+09,+7.8942906291E-01,+4.9625028859E-01
+3.2370000000E+09,+7.9377959316E-01,+1.4561442302E+02
+3.2400000000E+09,+7.9809775605E-01,+5.3811611404E-01
+3.2430000000E+09,+8.0055521946E-01,+1.4193758032E+02
+3.2460000000E+09,+8.0623261868E-01,+5.7983554931E-01
+3.2490000000E+09,+8.0689721617E-01,+1.3759848423E+02
+3.2520000000E+09,+8.1416120562E-01,+6.1815169832E-01
+3.2550000000E+09,+8.1783824455E-01,+1.3206236781E+02
+3.2580000000E+09,+8.2284313913E-01,+6.6365502922E-01
+3.2610000000E+09,+8.2828940765E-01,+1.2734542557E+02
+3.2640000000E+09,+8.3362177287E-01,+7.0820825600E-01
+3.2670000000E+09,+8.4072481861E-01,+1.2214458238E+02
+3.2700000000E+09,+8.4535674682E-01,+7.4793831284E-01
+3.2730000000E+09,+8.4730478163E-01,+1.1627532326E+02
+3.2760000000E+09,+8.5627000620E-01,+7.8882016871E-01
+3.2790000000E+09,+8.6300579551E-01,+1.1072659949E+02
+3.2820000000E+09,+8.6930079811E-01,+8.1766864660E-01
+3.2850000000E+09,+8.7679439353E-01,+1.0387589027E+02
+3.2880000000E+09,+8.7829738754E-01,+8.5280514347E-01
+3.2910000000E+09,+8.9154842410E-01,+9.7866217343E+01
+3.2940000000E+09,+8.9289727977E-01,+8.6910234568E-01
+3.2970000000E+09,+8.9892767760E-01,+9.2086399665E+01
+3.3000000000E+09,+9.0551994887E-01,+8.9098737141E-01
+3.3030000000E+09,+9.0886114197E-01,+8.5685318931E+01
+3.3060000000E+09,+9.1443053357E-01,+8.9088736436E-01
+3.3090000000E+09,+9.1800403242E-01,+7.9645131200E+01
+3.3120000000E+09,+9.2027153310E-01,+8.9890790408E-01
+3.3150000000E+09,+9.2851178872E-01,+7.3897381545E+01
+3.3180000000E+09,+9.3272738584E-01,+8.9405989290E-01
+3.3210000000E+09,+9.3234045603E-01,+6.8759408224E+01
+3.3240000000E+09,+9.3897767190E-01,+8.9163413200E-01
+3.3270000000E+09,+9.4074246238E-01,+6.3588048868E+01
+3.3300000000E+09,+9.4492955389E-01,+8.8039824219E-01
+3.3330000000E+09,+9.4124201499E-01,+5.9089435066E+01
+3.3360000000E+09,+9.4415853971E-01,+8.7160986146E-01
+3.3390000000E+09,+9.4485478757E-01,+5.4439711985E+01
+3.3420000000E+09,+9.4743813266E-01,+8.6351694679E-01
+3.3450000000E+09,+9.4622693703E-01,+5.0128940663E+01
+3.3480000000E+09,+9.4494154103E-01,+8.5144172460E-01
+3.3510000000E+09,+9.4967164642E-01,+4.6124391540E+01
+3.3540000000E+09,+9.4536949230E-01,+8.4235117285E-01
+3.3570000000E+09,+9.3489090331E-01,+4.2357833443E+01
+3.3600000000E+09,+9.3848825299E-01,+8.3249386838E-01
+3.3630000000E+09,+9.3267881305E-01,+3.8822163071E+01
+3.3660000000E+09,+9.3637172312E-01,+8.2593827770E-01
+3.3690000000E+09,+9.3232267482E-01,+3.5196235419E+01
+3.3720000000E+09,+9.2759758411E-01,+8.1605649120E-01
+3.3750000000E+09,+9.2039388795E-01,+3.2183975807E+01
+3.3780000000E+09,+9.1814928891E-01,+8.0681673207E-01
+3.3810000000E+09,+9.1871554850E-01,+2.8752880727E+01
+3.3840000000E+09,+9.1635338073E-01,+7.9999619583E-01
+3.3870000000E+09,+8.9922006046E-01,+2.6293038396E+01
+3.3900000000E+09,+9.0545634325E-01,+7.9815080192E-01
+3.3930000000E+09,+8.9657269828E-01,+2.3081483694E+01
+3.3960000000E+09,+8.9986534543E-01,+7.9373150947E-01
+3.3990000000E+09,+8.9507854480E-01,+2.0370718138E+01
+3.4020000000E+09,+8.9115472694E-01,+7.8758046706E-01
+3.4050000000E+09,+8.8807884045E-01,+1.7603337370E+01
+3.4080000000E+09,+8.7622347319E-01,+7.8650777407E-01
+3.4110000000E+09,+8.7561414379E-01,+1.4848052081E+01
+3.4140000000E+09,+8.7140230047E-01,+7.8016506404E-01
+3.4170000000E+09,+8.7720120171E-01,+1.2209160411E+01
+3.4200000000E+09,+8.7229868784E-01,+7.8023700574E-01
+3.4230000000E+09,+8.5945901604E-01,+9.8548315970E+00
+3.4260000000E+09,+8.6589372731E-01,+7.7920618371E-01
+3.4290000000E+09,+8.5784015637E-01,+7.2053677807E+00
+3.4320000000E+09,+8.5693254864E-01,+7.7925316892E-01
+3.4350000000E+09,+8.5565073848E-01,+4.7622929927E+00
+3.4380000000E+09,+8.5065884565E-01,+7.8125910029E-01
+3.4410000000E+09,+8.4767963855E-01,+2.4622661443E+00
+3.4440000000E+09,+8.5426770436E-01,+7.8140268201E-01
+3.4470000000E+09,+8.4901551734E-01,+5.2894147562E-02
+3.4500000000E+09,+8.5517124104E-01,+7.8233463003E-01
+3.4530000000E+09,+8.4216157272E-01,-2.2792089861E+00
+3.4560000000E+09,+8.4681886616E-01,+7.8520849947E-01
+3.4590000000E+09,+8.4441641015E-01,-4.6758344073E+00
+3.4620000000E+09,+8.5609536200E-01,+7.8703582075E-01
+3.4650000000E+09,+8.4790715988E-01,-7.1975188165E+00
+3.4680000000E+09,+8.4819350399E-01,+7.8942906291E-01
+3.4710000000E+09,+8.4636083319E-01,-9.4552556966E+00
+3.4740000000E+09,+8.4989436634E-01,+7.9377959316E-01
+3.4770000000E+09,+8.4873523240E-01,-1.1626835507E+01
+3.4800000000E+09,+8.4832345481E-01,+7.9809775605E-01
+3.4830000000E+09,+8.4844931442E-01,-1.3951227112E+01
+3.4860000000E+09,+8.4890123838E-01,+8.0055521946E-01
+3.4890000000E+09,+8.4453018856E-01,-1.6425206777E+01
+3.4920000000E+09,+8.5108035435E-01,+8.0623261868E-01
+3.4950000000E+09,+8.4684925072E-01,-1.8492458578E+01
+3.4980000000E+09,+8.4321454596E-01,+8.0689721617E-01
+3.5010000000E+09,+8.5550941022E-01,-2.0961943384E+01
+3.5040000000E+09,+8.5253266316E-01,+8.1416120562E-01
+3.5070000000E+09,+8.4848847085E-01,-2.3344641330E+01
+3.5100000000E+09,+8.5303949122E-01,+8.1783824455E-01
+3.5130000000E+09,+8.5335505580E-01,-2.5724500457E+01
+3.5160000000E+09,+8.6114499642E-01,+8.2284313913E-01
+3.5190000000E+09,+8.5936918906E-01,-2.8116244900E+01
+3.5220000000E+09,+8.5348571427E-01,+8.2828940765E-01
+3.5250000000E+09,+8.5834746064E-01,-3.0212610947E+01
+3.5280000000E+09,+8.5426482663E-01,+8.3362177287E-01
+3.5310000000E+09,+8.5848945694E-01,-3.2801489389E+01
+3.5340000000E+09,+8.5863604451E-01,+8.4072481861E-01
+3.5370000000E+09,+8.6218038090E-01,-3.5205216818E+01
+3.5400000000E+09,+8.6373969581E-01,+8.4535674682E-01
+3.5430000000E+09,+8.6116732740E-01,-3.7527808724E+01
+3.5460000000E+09,+8.6195033699E-01,+8.4730478163E-01
+3.5490000000E+09,+8.6065003853E-01,-3.9806696410E+01
+3.5520000000E+09,+8.6252274205E-01,+8.5627000620E-01
+3.5550000000E+09,+8.6740435050E-01,-4.2203282125E+01
+3.5580000000E+09,+8.6816297717E-01,+8.6300579551E-01
+3.5610000000E+09,+8.7031692670E-01,-4.4551114621E+01
+3.5640000000E+09,+8.6923470653E-01,+8.6930079811E-01
+3.5670000000E+09,+8.7118438949E-01,-4.7125955792E+01
+3.5700000000E+09,+8.7081775190E-01,+8.7679439353E-01
+3.5730000000E+09,+8.7188658052E-01,-4.9502823595E+01
+3.5760000000E+09,+8.7683263989E-01,+8.7829738754E-01
+3.5790000000E+09,+8.7728542127E-01,-5.1817957039E+01
+3.5820000000E+09,+8.7665337311E-01,+8.9154842410E-01
+3.5850000000E+09,+8.8048921047E-01,-5.4234016062E+01
+3.5880000000E+09,+8.7692673214E-01,+8.9289727977E-01
+3.5910000000E+09,+8.8067974921E-01,-5.6581265542E+01
+3.5940000000E+09,+8.8047338660E-01,+8.9892767760E-01
+3.5970000000E+09,+8.8369781697E-01,-5.9304964890E+01
+3.6000000000E+09,+8.8612337668E-01,+9.0551994887E-01
+3.6030000000E+09,+8.8856115933E-01,-6.1515649400E+01
+3.6060000000E+09,+8.9033704412E-01,+9.0886114197E-01
+3.6090000000E+09,+8.9416124806E-01,-6.4234263531E+01
+3.6120000000E+09,+8.9429488995E-01,+9.1443053357E-01
+3.6150000000E+09,+8.9565833737E-01,-6.6564244750E+01
+3.6180000000E+09,+8.9959668095E-01,+9.1800403242E-01
+3.6210000000E+09,+9.0082392587E-01,-6.9054712670E+01
+3.6240000000E+09,+9.0209118311E-01,+9.2027153310E-01
+3.6270000000E+09,+9.0373240571E-01,-7.1455775909E+01
+3.6300000000E+09,+9.0365803232E-01,+9.2851178872E-01
+3.6330000000E+09,+9.0798483443E-01,-7.4210403782E+01
+3.6360000000E+09,+9.1006786816E-01,+9.3272738584E-01
+3.6390000000E+09,+9.1370059988E-01,-7.6537775267E+01
+3.6420000000E+09,+9.1314869177E-01,+9.3234045603E-01
+3.6450000000E+09,+9.1515652303E-01,-7.9177435589E+01
+3.6480000000E+09,+9.1903061264E-01,+9.3897767190E-01
+3.6510000000E+09,+9.2031830840E-01,-8.1703449359E+01
+3.6540000000E+09,+9.2283047141E-01,+9.4074246238E-01
+3.6570000000E+09,+9.2341210590E-01,-8.4199032377E+01
+3.6600000000E+09,+9.2629643906E-01,+9.4492955389E-01
+3.6630000000E+09,+9.2896396961E-01,-8.6697797119E+01
+3.6660000000E+09,+9.2951098905E-01,+9.4124201499E-01
+3.6690000000E+09,+9.3025485302E-01,-8.9291632143E+01
+3.6720000000E+09,+9.3029147949E-01,+9.4415853971E-01
+3.6750000000E+09,+9.3105054099E-01,-9.1853922373E+01
+3.6780000000E+09,+9.3484014013E-01,+9.4485478757E-01
+3.6810000000E+09,+9.3429569267E-01,-9.4224482925E+01
+3.6840000000E+09,+9.3635072104E-01,+9.4743813266E-01
+3.6870000000E+09,+9.3725873670E-01,-9.6786643601E+01
+3.6900000000E+09,+9.3880049678E-01,+9.4622693703E-01
+3.6930000000E+09,+9.3789912811E-01,-9.9326370786E+01
+3.6960000000E+09,+9.3916953519E-01,+9.4494154103E-01
+3.6990000000E+09,+9.3916418578E-01,-1.0166167610E+02
+3.7020000000E+09,+9.4146639808E-01,+9.4967164642E-01
+3.7050000000E+09,+9.3759753306E-01,-1.0404824010E+02
+3.7080000000E+09,+9.4042412443E-01,+9.4536949230E-01
+3.7110000000E+09,+9.3989642444E-01,-1.0666491032E+02
+3.7140000000E+09,+9.4201398650E-01,+9.3489090331E-01
+3.7170000000E+09,+9.4288934582E-01,-1.0907362838E+02
+3.7200000000E+09,+9.4353248334E-01,+9.3848825299E-01
+3.7230000000E+09,+9.4169345792E-01,-1.1126001133E+02
+3.7260000000E+09,+9.4123821679E-01,+9.3267881305E-01
+3.7290000000E+09,+9.4177813544E-01,-1.1374329230E+02
+3.7320000000E+09,+9.4279088291E-01,+9.3637172312E-01
+3.7350000000E+09,+9.4312838987E-01,-1.1580523137E+02
+3.7380000000E+09,+9.4520384843E-01,+9.3232267482E-01
+3.7410000000E+09,+9.4272735233E-01,-1.1816018988E+02
+3.7440000000E+09,+9.4223840932E-01,+9.2759758411E-01
+3.7470000000E+09,+9.4210714279E-01,-1.2053445322E+02
+3.7500000000E+09,+9.4277796223E-01,+9.2039388795E-01
+3.7530000000E+09,+9.4456652101E-01,-1.2265156604E+02
+3.7560000000E+09,+9.4361535477E-01,+9.1814928891E-01
+3.7590000000E+09,+9.4549110370E-01,-1.2506277206E+02
+3.7620000000E+09,+9.4542681577E-01,+9.1871554850E-01
+3.7650000000E+09,+9.4681256859E-01,-1.2703617040E+02
+3.7680000000E+09,+9.4697126679E-01,+9.1635338073E-01
+3.7710000000E+09,+9.4908105771E-01,-1.2933680315E+02
+3.7740000000E+09,+9.4770465686E-01,+8.9922006046E-01
+3.7770000000E+09,+9.5024886769E-01,-1.3149628282E+02
+3.7800000000E+09,+9.5036957804E-01,+9.0545634325E-01
+3.7830000000E+09,+9.5042692969E-01,-1.3339960226E+02
+3.7860000000E+09,+9.5313650710E-01,+8.9657269828E-01
+3.7890000000E+09,+9.5346290286E-01,-1.3558183715E+02
+3.7920000000E+09,+9.5473823367E-01,+8.9986534543E-01
+3.7950000000E+09,+9.5463885669E-01,-1.3744007809E+02
+3.7980000000E+09,+9.5397386998E-01,+8.9507854480E-01
+3.8010000000E+09,+9.5666659969E-01,-1.3951048244E+02
+3.8040000000E+09,+9.5704161951E-01,+8.9115472694E-01
+3.8070000000E+09,+9.5854431001E-01,-1.4137133811E+02
+3.8100000000E+09,+9.5856998898E-01,+8.8807884045E-01
+3.8130000000E+09,+9.6041803174E-01,-1.4345324466E+02
+3.8160000000E+09,+9.5973643077E-01,+8.7622347319E-01
+3.8190000000E+09,+9.6170236252E-01,-1.4555468270E+02
+3.8220000000E+09,+9.6187420926E-01,+8.7561414379E-01
+3.8250000000E+09,+9.6362025720E-01,-1.4706384947E+02
+3.8280000000E+09,+9.6437475732E-01,+8.7140230047E-01
+3.8310000000E+09,+9.6341751481E-01,-1.4921988845E+02
+3.8340000000E+09,+9.6523836205E-01,+8.7720120171E-01
+3.8370000000E+09,+9.6448583077E-01,-1.5068637255E+02
+3.8400000000E+09,+9.6604968633E-01,+8.7229868784E-01
+3.8430000000E+09,+9.6608899251E-01,-1.5258634029E+02
+3.8460000000E+09,+9.6899366142E-01,+8.5945901604E-01
+3.8490000000E+09,+9.6700532503E-01,-1.5482278878E+02
+3.8520000000E+09,+9.6635984697E-01,+8.6589372731E-01
+3.8550000000E+09,+9.6794274906E-01,-1.5635422571E+02
+3.8580000000E+09,+9.6583539217E-01,+8.5784015637E-01
+3.8610000000E+09,+9.6920936675E-01,-1.5833185947E+02
+3.8640000000E+09,+9.6740563246E-01,+8.5693254864E-01
+3.8670000000E+09,+9.6635074444E-01,-1.5993536885E+02
+3.8700000000E+09,+9.6655074326E-01,+8.5565073848E-01
+3.8730000000E+09,+9.6614571599E-01,-1.6179596890E+02
+3.8760000000E+09,+9.6808736211E-01,+8.5065884565E-01
+3.8790000000E+09,+9.6896675496E-01,-1.6369600113E+02
+3.8820000000E+09,+9.6908021111E-01,+8.4767963855E-01
+3.8850000000E+09,+9.6428885451E-01,-1.6552049364E+02
+3.8880000000E+09,+9.6772931610E-01,+8.5426770436E-01
+3.8910000000E+09,+9.6858414157E-01,-1.6677493250E+02
+3.8940000000E+09,+9.6644774643E-01,+8.4901551734E-01
+3.8970000000E+09,+9.6698528523E-01,-1.6863883202E+02
+3.9000000000E+09,+9.6503152564E-01,+8.5517124104E-01
+3.9030000000E+09,+9.6748467111E-01,-1.7015095342E+02
+3.9060000000E+09,+9.6678737659E-01,+8.4216157272E-01
+3.9090000000E+09,+9.6917968902E-01,-1.7236869740E+02
+3.9120000000E+09,+9.6647256890E-01,+8.4681886616E-01
+3.9150000000E+09,+9.6996729601E-01,-1.7377874595E+02
+3.9180000000E+09,+9.6787365442E-01,+8.4441641015E-01
+3.9210000000E+09,+9.7029224864E-01,-1.7562982985E+02
+3.9240000000E+09,+9.6524033219E-01,+8.5609536200E-01
+3.9270000000E+09,+9.7039826538E-01,-1.7671587271E+02
+3.9300000000E+09,+9.6800235731E-01,+8.4790715988E-01
+3.9330000000E+09,+9.6487216332E-01,-1.7881885628E+02
+3.9360000000E+09,+9.6616540166E-01,+8.4819350399E-01
+3.9390000000E+09,+9.6185110336E-01,+1.7962142687E+02
+3.9420000000E+09,+9.6891500704E-01,+8.4636083319E-01
+3.9450000000E+09,+9.6697110919E-01,+1.7776019052E+02
+3.9480000000E+09,+9.7134478964E-01,+8.4989436634E-01
+3.9510000000E+09,+9.6782620368E-01,+1.7642547603E+02
+3.9540000000E+09,+9.6763365255E-01,+8.4873523240E-01
+3.9570000000E+09,+9.6965545157E-01,+1.7454349917E+02
+3.9600000000E+09,+9.6337492612E-01,+8.4832345481E-01
+3.9630000000E+09,+9.7162083316E-01,+1.7279313033E+02
+3.9660000000E+09,+9.6763165157E-01,+8.4844931442E-01
+3.9690000000E+09,+9.6825808111E-01,+1.7123081154E+02
+3.9720000000E+09,+9.7555953969E-01,+8.4890123838E-01
+3.9750000000E+09,+9.7003787311E-01,+1.6947637509E+02
+3.9780000000E+09,+9.7527240095E-01,+8.4453018856E-01
+3.9810000000E+09,+9.6919620965E-01,+1.6748598583E+02
+3.9840000000E+09,+9.7216949369E-01,+8.5108035435E-01
+3.9870000000E+09,+9.7660483362E-01,+1.6623077596E+02
+3.9900000000E+09,+9.6791415309E-01,+8.4684925072E-01
+3.9930000000E+09,+9.7296051172E-01,+1.6407091983E+02
+3.9960000000E+09,+9.7200319577E-01,+8.4321454596E-01
+3.9990000000E+09,+9.7438048524E-01,+1.6211074808E+02
+4.0020000000E+09,+9.7184178074E-01,+8.5550941022E-01
+4.0050000000E+09,+9.7231858784E-01,+1.6133555854E+02
+4.0080000000E+09,+9.6896216586E-01,+8.5253266316E-01
+4.0110000000E+09,+9.7315663874E-01,+1.5935005605E+02
+4.0140000000E+09,+9.7281453628E-01,+8.4848847085E-01
+4.0170000000E+09,+9.7108891841E-01,+1.5733203311E+02
+4.0200000000E+09,+9.7696853718E-01,+8.5303949122E-01
+4.0230000000E+09,+9.7729562835E-01,+1.5597623245E+02
+4.0260000000E+09,+9.7627432077E-01,+8.5335505580E-01
+4.0290000000E+09,+9.8207402404E-01,+1.5437642518E+02
+4.0320000000E+09,+9.7768448330E-01,+8.6114499642E-01
+4.0350000000E+09,+9.7784353818E-01,+1.5321500121E+02
+4.0380000000E+09,+9.7456923906E-01,+8.5936918906E-01
+4.0410000000E+09,+9.7642359432E-01,+1.5121736950E+02
+4.0440000000E+09,+9.7814358155E-01,+8.5348571427E-01
+4.0470000000E+09,+9.7580603542E-01,+1.4896527837E+02
+4.0500000000E+09,+9.7691730604E-01,+8.5834746064E-01
+4.0530000000E+09,+9.7936909087E-01,+1.4789290851E+02
+4.0560000000E+09,+9.7597029188E-01,+8.5426482663E-01
+4.0590000000E+09,+9.7796239684E-01,+1.4553506245E+02
+4.0620000000E+09,+9.7062761112E-01,+8.5848945694E-01
+4.0650000000E+09,+9.7330942628E-01,+1.4421664714E+02
+4.0680000000E+09,+9.7300699886E-01,+8.5863604451E-01
+4.0710000000E+09,+9.7224599661E-01,+1.4279575809E+02
+4.0740000000E+09,+9.7354082992E-01,+8.6218038090E-01
+4.0770000000E+09,+9.8134386613E-01,+1.4123356279E+02
+4.0800000000E+09,+9.7418393594E-01,+8.6373969581E-01
+4.0830000000E+09,+9.7610470806E-01,+1.3973055636E+02
+4.0860000000E+09,+9.7102679218E-01,+8.6116732740E-01
+4.0890000000E+09,+9.6874628463E-01,+1.3754863447E+02
+4.0920000000E+09,+9.7411760170E-01,+8.6195033699E-01
+4.0950000000E+09,+9.7665245771E-01,+1.3609930630E+02
+4.0980000000E+09,+9.8069260321E-01,+8.6065003853E-01
+4.1010000000E+09,+9.7698437475E-01,+1.3419584244E+02
+4.1040000000E+09,+9.7410262684E-01,+8.6252274205E-01
+4.1070000000E+09,+9.7547850175E-01,+1.3263869900E+02
+4.1100000000E+09,+9.6875380372E-01,+8.6740435050E-01
+4.1130000000E+09,+9.7916131438E-01,+1.3135181308E+02
+4.1160000000E+09,+9.7672804132E-01,+8.6816297717E-01
+4.1190000000E+09,+9.7449586644E-01,+1.2949746511E+02
+4.1220000000E+09,+9.7353612529E-01,+8.7031692670E-01
+4.1250000000E+09,+9.7568586169E-01,+1.2821180950E+02
+4.1280000000E+09,+9.7518659130E-01,+8.6923470653E-01
+4.1310000000E+09,+9.7793666473E-01,+1.2640568409E+02
+4.1340000000E+09,+9.7565670325E-01,+8.7118438949E-01
+4.1370000000E+09,+9.7540515576E-01,+1.2478874993E+02
+4.1400000000E+09,+9.7963549425E-01,+8.7081775190E-01
+4.1430000000E+09,+9.7444067284E-01,+1.2296129865E+02
+4.1460000000E+09,+9.6831568916E-01,+8.7188658052E-01
+4.1490000000E+09,+9.7794560206E-01,+1.2139502273E+02
+4.1520000000E+09,+9.7942587783E-01,+8.7683263989E-01
+4.1550000000E+09,+9.8183866619E-01,+1.2055389764E+02
+4.1580000000E+09,+9.7741694809E-01,+8.7728542127E-01
+4.1610000000E+09,+9.7718038528E-01,+1.1844145117E+02
+4.1640000000E+09,+9.7683568362E-01,+8.7665337311E-01
+4.1670000000E+09,+9.7584232032E-01,+1.1648853009E+02
+4.1700000000E+09,+9.8143640408E-01,+8.8048921047E-01
+4.1730000000E+09,+9.8688958274E-01,+1.1555844901E+02
+4.1760000000E+09,+9.7799535133E-01,+8.7692673214E-01
+4.1790000000E+09,+9.8058248880E-01,+1.1325894044E+02
+4.1820000000E+09,+9.7873131756E-01,+8.8067974921E-01
+4.1850000000E+09,+9.8037635282E-01,+1.1202027511E+02
+4.1880000000E+09,+9.7795320095E-01,+8.8047338660E-01
+4.1910000000E+09,+9.7732809774E-01,+1.1007194463E+02
+4.1940000000E+09,+9.7557803536E-01,+8.8369781697E-01
+4.1970000000E+09,+9.7847247109E-01,+1.0861056577E+02
+4.2000000000E+09,+9.7666327926E-01,+8.8612337668E-01
+4.2030000000E+09,+9.7490608192E-01,+1.0704214625E+02
+4.2060000000E+09,+9.7750818922E-01,+8.8856115933E-01
+4.2090000000E+09,+9.7248090148E-01,+1.0556806768E+02
+4.2120000000E+09,+9.7669699238E-01,+8.9033704412E-01
+4.2150000000E+09,+9.7890721343E-01,+1.0368382059E+02
+4.2180000000E+09,+9.7542642004E-01,+8.9416124806E-01
+4.2210000000E+09,+9.7588358607E-01,+1.0240078738E+02
+4.2240000000E+09,+9.7586532752E-01,+8.9429488995E-01
+4.2270000000E+09,+9.7652605774E-01,+1.0037504142E+02
+4.2300000000E+09,+9.7436078323E-01,+8.9565833737E-01
+4.2330000000E+09,+9.7674502459E-01,+9.9113714237E+01
+4.2360000000E+09,+9.7847174548E-01,+8.9959668095E-01
+4.2390000000E+09,+9.7813535058E-01,+9.7401134899E+01
+4.2420000000E+09,+9.8097309562E-01,+9.0082392587E-01
+4.2450000000E+09,+9.7649505968E-01,+9.5842016757E+01
+4.2480000000E+09,+9.8046571023E-01,+9.0209118311E-01
+4.2510000000E+09,+9.7921625830E-01,+9.3987780982E+01
+4.2540000000E+09,+9.7721737221E-01,+9.0373240571E-01
+4.2570000000E+09,+9.7557332500E-01,+9.2444798268E+01
+4.2600000000E+09,+9.7669935091E-01,+9.0365803232E-01
+4.2630000000E+09,+9.7444612390E-01,+9.0622769518E+01
+4.2660000000E+09,+9.7885939819E-01,+9.0798483443E-01
+4.2690000000E+09,+9.7286731466E-01,+8.9166190123E+01
+4.2720000000E+09,+9.7931683092E-01,+9.1006786816E-01
+4.2750000000E+09,+9.7440155002E-01,+8.7336877554E+01
+4.2780000000E+09,+9.7882353278E-01,+9.1370059988E-01
+4.2810000000E+09,+9.7495671103E-01,+8.5918504868E+01
+4.2840000000E+09,+9.7376784411E-01,+9.1314869177E-01
+4.2870000000E+09,+9.7919513439E-01,+8.4107128561E+01
+4.2900000000E+09,+9.7922552758E-01,+9.1515652303E-01
+4.2930000000E+09,+9.7633392821E-01,+8.2397648969E+01
+4.2960000000E+09,+9.7791387763E-01,+9.1903061264E-01
+4.2990000000E+09,+9.7796349301E-01,+8.1002535858E+01
+4.3020000000E+09,+9.7943248791E-01,+9.2031830840E-01
+4.3050000000E+09,+9.8005302730E-01,+7.8946556025E+01
+4.3080000000E+09,+9.7898946414E-01,+9.2283047141E-01
+4.3110000000E+09,+9.7621600466E-01,+7.8288150227E+01
+4.3140000000E+09,+9.7796846440E-01,+9.2341210590E-01
+4.3170000000E+09,+9.7898011629E-01,+7.6121019728E+01
+4.3200000000E+09,+9.7855269551E-01,+9.2629643906E-01
+4.3230000000E+09,+9.7672727010E-01,+7.4091314426E+01
+4.3260000000E+09,+9.7642398480E-01,+9.2896396961E-01
+4.3290000000E+09,+9.7850292092E-01,+7.2712113420E+01
+4.3320000000E+09,+9.7926459488E-01,+9.2951098905E-01
+4.3350000000E+09,+9.7741945707E-01,+7.0753119106E+01
+4.3380000000E+09,+9.7513105354E-01,+9.3025485302E-01
+4.3410000000E+09,+9.7488080142E-01,+6.9308946098E+01
+4.3440000000E+09,+9.7472476894E-01,+9.3029147949E-01
+4.3470000000E+09,+9.7591021733E-01,+6.7385330275E+01
+4.3500000000E+09,+9.7587005071E-01,+9.3105054099E-01
+4.3530000000E+09,+9.7419860394E-01,+6.5809414433E+01
+4.3560000000E+09,+9.7263611670E-01,+9.3484014013E-01
+4.3590000000E+09,+9.7215167153E-01,+6.4207285371E+01
+4.3620000000E+09,+9.7175089473E-01,+9.3429569267E-01
+4.3650000000E+09,+9.7579265143E-01,+6.2639477318E+01
+4.3680000000E+09,+9.7079161521E-01,+9.3635072104E-01
+4.3710000000E+09,+9.7259616385E-01,+6.0980626801E+01
+4.3740000000E+09,+9.7105450852E-01,+9.3725873670E-01
+4.3770000000E+09,+9.7040754929E-01,+5.9385237413E+01
+4.3800000000E+09,+9.7032979798E-01,+9.3880049678E-01
+4.3830000000E+09,+9.7073950889E-01,+5.7590926209E+01
+4.3860000000E+09,+9.7038448048E-01,+9.3789912811E-01
+4.3890000000E+09,+9.7068025431E-01,+5.5986363421E+01
+4.3920000000E+09,+9.6912964345E-01,+9.3916953519E-01
+4.3950000000E+09,+9.6921211070E-01,+5.4265695769E+01
+4.3980000000E+09,+9.7021871803E-01,+9.3916418578E-01
+4.4010000000E+09,+9.7046628156E-01,+5.2457483492E+01
+4.4040000000E+09,+9.7087671787E-01,+9.4146639808E-01
+4.4070000000E+09,+9.7055790354E-01,+5.1036469702E+01
+4.4100000000E+09,+9.7181065361E-01,+9.3759753306E-01
+4.4130000000E+09,+9.7271335436E-01,+4.9458119381E+01
+4.4160000000E+09,+9.7262830345E-01,+9.4042412443E-01
+4.4190000000E+09,+9.7188582292E-01,+4.7733256085E+01
+4.4220000000E+09,+9.7454013714E-01,+9.3989642444E-01
+4.4250000000E+09,+9.7121146154E-01,+4.6174271619E+01
+4.4280000000E+09,+9.7381571151E-01,+9.4201398650E-01
+4.4310000000E+09,+9.7192974374E-01,+4.4441168527E+01
+4.4340000000E+09,+9.7482434493E-01,+9.4288934582E-01
+4.4370000000E+09,+9.7412231730E-01,+4.2910121083E+01
+4.4400000000E+09,+9.7207630186E-01,+9.4353248334E-01
+4.4430000000E+09,+9.7484253801E-01,+4.1353493939E+01
+4.4460000000E+09,+9.7547610280E-01,+9.4169345792E-01
+4.4490000000E+09,+9.7504654567E-01,+3.9730023999E+01
+4.4520000000E+09,+9.7500005043E-01,+9.4123821679E-01
+4.4550000000E+09,+9.7695229089E-01,+3.7934974158E+01
+4.4580000000E+09,+9.7812736995E-01,+9.4177813544E-01
+4.4610000000E+09,+9.7564574065E-01,+3.6441931729E+01
+4.4640000000E+09,+9.7768385302E-01,+9.4279088291E-01
+4.4670000000E+09,+9.7579605186E-01,+3.4952361789E+01
+4.4700000000E+09,+9.7749510334E-01,+9.4312838987E-01
+4.4730000000E+09,+9.7699551007E-01,+3.3246714155E+01
+4.4760000000E+09,+9.7668147570E-01,+9.4520384843E-01
+4.4790000000E+09,+9.7974819872E-01,+3.1798098291E+01
+4.4820000000E+09,+9.8007660695E-01,+9.4272735233E-01
+4.4850000000E+09,+9.7819667254E-01,+3.0209709069E+01
+4.4880000000E+09,+9.8086283431E-01,+9.4223840932E-01
+4.4910000000E+09,+9.7812457325E-01,+2.8665294843E+01
+4.4940000000E+09,+9.7946449431E-01,+9.4210714279E-01
+4.4970000000E+09,+9.7965173371E-01,+2.6954947568E+01
+4.5000000000E+09,+9.7880971155E-01,+9.4277796223E-01
+4.5030000000E+09,+9.7984024017E-01,+2.5696141178E+01
+4.5060000000E+09,+9.7917699943E-01,+9.4456652101E-01
+4.5090000000E+09,+9.8097956917E-01,+2.3963922722E+01
+4.5120000000E+09,+9.8014456651E-01,+9.4361535477E-01
+4.5150000000E+09,+9.8006484154E-01,+2.2348765164E+01
+4.5180000000E+09,+9.7946147371E-01,+9.4549110370E-01
+4.5210000000E+09,+9.7879876523E-01,+2.0761506940E+01
+4.5240000000E+09,+9.7841537447E-01,+9.4542681577E-01
+4.5270000000E+09,+9.7847636356E-01,+1.9188109036E+01
+4.5300000000E+09,+9.7871114674E-01,+9.4681256859E-01
+4.5330000000E+09,+9.7765706441E-01,+1.7803950329E+01
+4.5360000000E+09,+9.7844163206E-01,+9.4697126679E-01
+4.5390000000E+09,+9.7944022900E-01,+1.6179937206E+01
+4.5420000000E+09,+9.7790512323E-01,+9.4908105771E-01
+4.5450000000E+09,+9.7728023081E-01,+1.4536033488E+01
+4.5480000000E+09,+9.7690210727E-01,+9.4770465686E-01
+4.5510000000E+09,+9.7832607066E-01,+1.2863040745E+01
+4.5540000000E+09,+9.7885705985E-01,+9.5024886769E-01
+4.5570000000E+09,+9.7725381261E-01,+1.1500657698E+01
+4.5600000000E+09,+9.7730739086E-01,+9.5036957804E-01
+4.5630000000E+09,+9.7808427893E-01,+9.9043108703E+00
+4.5660000000E+09,+9.7725660654E-01,+9.5042692969E-01
+4.5690000000E+09,+9.7752087619E-01,+8.3779495673E+00
+4.5720000000E+09,+9.7787333816E-01,+9.5313650710E-01
+4.5750000000E+09,+9.7493864607E-01,+6.9894383847E+00
+4.5780000000E+09,+9.7511420208E-01,+9.5346290286E-01
+4.5810000000E+09,+9.7749144396E-01,+5.5434553938E+00
+4.5840000000E+09,+9.7769208435E-01,+9.5473823367E-01
+4.5870000000E+09,+9.7543504789E-01,+3.8348009117E+00
+4.5900000000E+09,+9.7720614683E-01,+9.5463885669E-01
+4.5930000000E+09,+9.7605728196E-01,+2.1516442125E+00
+4.5960000000E+09,+9.7555139146E-01,+9.5397386998E-01
+4.5990000000E+09,+9.7591940941E-01,+6.0403062344E-01
+4.6020000000E+09,+9.7602021100E-01,+9.5666659969E-01
+4.6050000000E+09,+9.7303974333E-01,-8.1460713661E-01
+4.6080000000E+09,+9.7509482713E-01,+9.5704161951E-01
+4.6110000000E+09,+9.7382190515E-01,-2.4369168817E+00
+4.6140000000E+09,+9.7325785235E-01,+9.5854431001E-01
+4.6170000000E+09,+9.7434759276E-01,-3.9315348820E+00
+4.6200000000E+09,+9.7342686275E-01,+9.5856998898E-01
+4.6230000000E+09,+9.7467564489E-01,-5.4709722994E+00
+4.6260000000E+09,+9.7179276547E-01,+9.6041803174E-01
+4.6290000000E+09,+9.7171125063E-01,-7.2273901091E+00
+4.6320000000E+09,+9.6772455721E-01,+9.5973643077E-01
+4.6350000000E+09,+9.7070319665E-01,-8.7119378485E+00
+4.6380000000E+09,+9.6634222462E-01,+9.6170236252E-01
+4.6410000000E+09,+9.7047674830E-01,-1.0104728178E+01
+4.6440000000E+09,+9.6465997020E-01,+9.6187420926E-01
+4.6470000000E+09,+9.6564662751E-01,-1.1706066999E+01
+4.6500000000E+09,+9.6456094715E-01,+9.6362025720E-01
+4.6530000000E+09,+9.6191231028E-01,-1.3300405819E+01
+4.6560000000E+09,+9.6279525661E-01,+9.6437475732E-01
+4.6590000000E+09,+9.6213972620E-01,-1.4750537259E+01
+4.6620000000E+09,+9.6198318532E-01,+9.6341751481E-01
+4.6650000000E+09,+9.6079958937E-01,-1.6532231936E+01
+4.6680000000E+09,+9.5714220838E-01,+9.6523836205E-01
+4.6710000000E+09,+9.6107550051E-01,-1.7896591778E+01
+4.6740000000E+09,+9.6010441386E-01,+9.6448583077E-01
+4.6770000000E+09,+9.5918672661E-01,-1.9533227395E+01
+4.6800000000E+09,+9.6082734007E-01,+9.6604968633E-01
+4.6830000000E+09,+9.5877453423E-01,-2.1179015563E+01
+4.6860000000E+09,+9.5844382780E-01,+9.6608899251E-01
+4.6890000000E+09,+9.5019038394E-01,-2.2755889769E+01
+4.6920000000E+09,+9.5760310866E-01,+9.6899366142E-01
+4.6950000000E+09,+9.5445150458E-01,-2.4074877129E+01
+4.6980000000E+09,+9.5225715290E-01,+9.6700532503E-01
+4.7010000000E+09,+9.5170212881E-01,-2.5656082333E+01
+4.7040000000E+09,+9.5193532602E-01,+9.6635984697E-01
+4.7070000000E+09,+9.4810426570E-01,-2.7408714681E+01
+4.7100000000E+09,+9.5419639752E-01,+9.6794274906E-01
+4.7130000000E+09,+9.4719617577E-01,-2.8920157464E+01
+4.7160000000E+09,+9.5033997613E-01,+9.6583539217E-01
+4.7190000000E+09,+9.4770881656E-01,-3.0238683750E+01
+4.7220000000E+09,+9.5018721586E-01,+9.6920936675E-01
+4.7250000000E+09,+9.5198151094E-01,-3.1869460940E+01
+4.7280000000E+09,+9.5256085529E-01,+9.6740563246E-01
+4.7310000000E+09,+9.5609061615E-01,-3.3390134864E+01
+4.7340000000E+09,+9.4983309503E-01,+9.6635074444E-01
+4.7370000000E+09,+9.4898568224E-01,-3.5049531971E+01
+4.7400000000E+09,+9.4954167275E-01,+9.6655074326E-01
+4.7430000000E+09,+9.5150632929E-01,-3.6768655248E+01
+4.7460000000E+09,+9.5106595731E-01,+9.6614571599E-01
+4.7490000000E+09,+9.5327108166E-01,-3.8023012062E+01
+4.7520000000E+09,+9.5610967985E-01,+9.6808736211E-01
+4.7550000000E+09,+9.5447939031E-01,-3.9746399706E+01
+4.7580000000E+09,+9.4540299204E-01,+9.6896675496E-01
+4.7610000000E+09,+9.5351747076E-01,-4.1124935887E+01
+4.7640000000E+09,+9.5472374595E-01,+9.6908021111E-01
+4.7670000000E+09,+9.4965025977E-01,-4.2767968790E+01
+4.7700000000E+09,+9.5146008118E-01,+9.6428885451E-01
+4.7730000000E+09,+9.5037323841E-01,-4.4318969368E+01
+4.7760000000E+09,+9.5261209937E-01,+9.6772931610E-01
+4.7790000000E+09,+9.5326936476E-01,-4.5629592548E+01
+4.7820000000E+09,+9.5918093071E-01,+9.6858414157E-01
+4.7850000000E+09,+9.5028466575E-01,-4.7216031554E+01
+4.7880000000E+09,+9.6117513168E-01,+9.6644774643E-01
+4.7910000000E+09,+9.6087943173E-01,-4.8686466205E+01
+4.7940000000E+09,+9.5542976414E-01,+9.6698528523E-01
+4.7970000000E+09,+9.5317520935E-01,-5.0098287502E+01
+4.8000000000E+09,+9.5285879897E-01,+9.6503152564E-01
+4.8030000000E+09,+9.5750076862E-01,-5.1747078668E+01
+4.8060000000E+09,+9.5798863503E-01,+9.6748467111E-01
+4.8090000000E+09,+9.6358234370E-01,-5.3282502695E+01
+4.8120000000E+09,+9.6117818022E-01,+9.6678737659E-01
+4.8150000000E+09,+9.6302957406E-01,-5.4574561417E+01
+4.8180000000E+09,+9.6246803196E-01,+9.6917968902E-01
+4.8210000000E+09,+9.6099138497E-01,-5.6242614863E+01
+4.8240000000E+09,+9.5741121389E-01,+9.6647256890E-01
+4.8270000000E+09,+9.5695001266E-01,-5.7772537491E+01
+4.8300000000E+09,+9.6169843719E-01,+9.6996729601E-01
+4.8330000000E+09,+9.5405042129E-01,-5.9150095021E+01
+4.8360000000E+09,+9.6632807464E-01,+9.6787365442E-01
+4.8390000000E+09,+9.6100699709E-01,-6.0735991313E+01
+4.8420000000E+09,+9.5900464387E-01,+9.7029224864E-01
+4.8450000000E+09,+9.4906295848E-01,-6.2284096356E+01
+4.8480000000E+09,+9.6183346833E-01,+9.6524033219E-01
+4.8510000000E+09,+9.6035027577E-01,-6.3606161317E+01
+4.8540000000E+09,+9.6028783272E-01,+9.7039826538E-01
+4.8570000000E+09,+9.5946756095E-01,-6.5147872228E+01
+4.8600000000E+09,+9.5970774564E-01,+9.6800235731E-01
+4.8630000000E+09,+9.6383587363E-01,-6.6759512160E+01
+4.8660000000E+09,+9.5916972165E-01,+9.6487216332E-01
+4.8690000000E+09,+9.5764688244E-01,-6.8155900145E+01
+4.8720000000E+09,+9.6268087389E-01,+9.6616540166E-01
+4.8750000000E+09,+9.6077699569E-01,-6.9695521997E+01
+4.8780000000E+09,+9.6615810645E-01,+9.6185110336E-01
+4.8810000000E+09,+9.5965686687E-01,-7.0992080264E+01
+4.8840000000E+09,+9.5611729803E-01,+9.6891500704E-01
+4.8870000000E+09,+9.5972854214E-01,-7.2638749353E+01
+4.8900000000E+09,+9.6133026100E-01,+9.6697110919E-01
+4.8930000000E+09,+9.6485635169E-01,-7.3869668907E+01
+4.8960000000E+09,+9.5427453790E-01,+9.7134478964E-01
+4.8990000000E+09,+9.5829812329E-01,-7.5548524895E+01
+4.9020000000E+09,+9.5946050707E-01,+9.6782620368E-01
+4.9050000000E+09,+9.6294595143E-01,-7.6894529056E+01
+4.9080000000E+09,+9.7167238393E-01,+9.6763365255E-01
+4.9110000000E+09,+9.6218747832E-01,-7.8380165936E+01
+4.9140000000E+09,+9.5991977952E-01,+9.6965545157E-01
+4.9170000000E+09,+9.6023495227E-01,-7.9890371597E+01
+4.9200000000E+09,+9.6758739752E-01,+9.6337492612E-01
+4.9230000000E+09,+9.7032736540E-01,-8.1269127465E+01
+4.9260000000E+09,+9.6672789012E-01,+9.7162083316E-01
+4.9290000000E+09,+9.6401599795E-01,-8.2799593290E+01
+4.9320000000E+09,+9.6474524617E-01,+9.6763165157E-01
+4.9350000000E+09,+9.6498949063E-01,-8.4409058235E+01
+4.9380000000E+09,+9.7052895127E-01,+9.6825808111E-01
+4.9410000000E+09,+9.6792878809E-01,-8.5834155636E+01
+4.9440000000E+09,+9.6933521363E-01,+9.7555953969E-01
+4.9470000000E+09,+9.6850034392E-01,-8.7397541767E+01
+4.9500000000E+09,+9.6643234086E-01,+9.7003787311E-01
+4.9530000000E+09,+9.6647853568E-01,-8.8741167874E+01
+4.9560000000E+09,+9.6369893080E-01,+9.7527240095E-01
+4.9590000000E+09,+9.6805363086E-01,-9.0164864230E+01
+4.9620000000E+09,+9.6864259270E-01,+9.6919620965E-01
+4.9650000000E+09,+9.7055264614E-01,-9.1806912168E+01
+4.9680000000E+09,+9.6862992059E-01,+9.7216949369E-01
+4.9710000000E+09,+9.6704125934E-01,-9.3212320706E+01
+4.9740000000E+09,+9.6640086766E-01,+9.7660483362E-01
+4.9770000000E+09,+9.6709167093E-01,-9.4579603959E+01
+4.9800000000E+09,+9.7551270029E-01,+9.6791415309E-01
+4.9830000000E+09,+9.7121745136E-01,-9.6177133021E+01
+4.9860000000E+09,+9.7059176800E-01,+9.7296051172E-01
+4.9890000000E+09,+9.6709453932E-01,-9.7566820317E+01
+4.9920000000E+09,+9.6787911440E-01,+9.7200319577E-01
+4.9950000000E+09,+9.6888550400E-01,-9.9051070369E+01
+4.9980000000E+09,+9.6934573740E-01,+9.7438048524E-01
+5.0010000000E+09,+9.6945570322E-01,-1.0064143763E+02
+5.0040000000E+09,+9.6330829961E-01,+9.7184178074E-01
+5.0070000000E+09,+9.6123920763E-01,-1.0211095285E+02
+5.0100000000E+09,+9.6156037401E-01,+9.7231858784E-01
+5.0130000000E+09,+9.6302881446E-01,-1.0344517332E+02
+5.0160000000E+09,+9.6163797876E-01,+9.6896216586E-01
+5.0190000000E+09,+9.6026563163E-01,-1.0498335244E+02
+5.0220000000E+09,+9.5621290850E-01,+9.7315663874E-01
+5.0250000000E+09,+9.5296383670E-01,-1.0638694223E+02
+5.0280000000E+09,+9.5097324276E-01,+9.7281453628E-01
+5.0310000000E+09,+9.5228366669E-01,-1.0797644146E+02
+5.0340000000E+09,+9.5287168559E-01,+9.7108891841E-01
+5.0370000000E+09,+9.4702673867E-01,-1.0940651125E+02
+5.0400000000E+09,+9.4820208262E-01,+9.7696853718E-01
+5.0430000000E+09,+9.4190190170E-01,-1.1098088794E+02
+5.0460000000E+09,+9.4020074515E-01,+9.7729562835E-01
+5.0490000000E+09,+9.3673923128E-01,-1.1241598611E+02
+5.0520000000E+09,+9.3646690887E-01,+9.7627432077E-01
+5.0550000000E+09,+9.3102728766E-01,-1.1378629892E+02
+5.0580000000E+09,+9.3169768002E-01,+9.8207402404E-01
+5.0610000000E+09,+9.2764903412E-01,-1.1513827411E+02
+5.0640000000E+09,+9.2405002336E-01,+9.7768448330E-01
+5.0670000000E+09,+9.2015991941E-01,-1.1679981676E+02
+5.0700000000E+09,+9.1645782726E-01,+9.7784353818E-01
+5.0730000000E+09,+9.1393831745E-01,-1.1824610796E+02
+5.0760000000E+09,+9.0957723335E-01,+9.7456923906E-01
+5.0790000000E+09,+9.0722446806E-01,-1.1970925815E+02
+5.0820000000E+09,+9.0428339096E-01,+9.7642359432E-01
+5.0850000000E+09,+8.9837404239E-01,-1.2117669791E+02
+5.0880000000E+09,+8.9662529918E-01,+9.7814358155E-01
+5.0910000000E+09,+8.9272257696E-01,-1.2259457437E+02
+5.0940000000E+09,+8.8847640278E-01,+9.7580603542E-01
+5.0970000000E+09,+8.8722902299E-01,-1.2420216680E+02
+5.1000000000E+09,+8.8376691589E-01,+9.7691730604E-01
+5.1030000000E+09,+8.7987802795E-01,-1.2545498776E+02
+5.1060000000E+09,+8.7742503323E-01,+9.7936909087E-01
+5.1090000000E+09,+8.7155050724E-01,-1.2690178382E+02
+5.1120000000E+09,+8.7123202537E-01,+9.7597029188E-01
+5.1150000000E+09,+8.6762967903E-01,-1.2850428233E+02
+5.1180000000E+09,+8.6828558885E-01,+9.7796239684E-01
+5.1210000000E+09,+8.6551137335E-01,-1.2988784391E+02
+5.1240000000E+09,+8.6061287060E-01,+9.7062761112E-01
+5.1270000000E+09,+8.5875408753E-01,-1.3149323303E+02
+5.1300000000E+09,+8.5608879035E-01,+9.7330942628E-01
+5.1330000000E+09,+8.5468345120E-01,-1.3294023670E+02
+5.1360000000E+09,+8.5242613418E-01,+9.7300699886E-01
+5.1390000000E+09,+8.4984344910E-01,-1.3428548467E+02
+5.1420000000E+09,+8.4885912234E-01,+9.7224599661E-01
+5.1450000000E+09,+8.4682399531E-01,-1.3581103093E+02
+5.1480000000E+09,+8.4513652736E-01,+9.7354082992E-01
+5.1510000000E+09,+8.4071746533E-01,-1.3728825650E+02
+5.1540000000E+09,+8.3827308057E-01,+9.8134386613E-01
+5.1570000000E+09,+8.3775408350E-01,-1.3838456877E+02
+5.1600000000E+09,+8.3427166612E-01,+9.7418393594E-01
+5.1630000000E+09,+8.3378132315E-01,-1.4008528737E+02
+5.1660000000E+09,+8.3148900274E-01,+9.7610470806E-01
+5.1690000000E+09,+8.2706998428E-01,-1.4142933843E+02
+5.1720000000E+09,+8.2549704626E-01,+9.7102679218E-01
+5.1750000000E+09,+8.2578034636E-01,-1.4316944317E+02
+5.1780000000E+09,+8.1978017524E-01,+9.6874628463E-01
+5.1810000000E+09,+8.1779262948E-01,-1.4451846567E+02
+5.1840000000E+09,+8.1341552697E-01,+9.7411760170E-01
+5.1870000000E+09,+8.1262697998E-01,-1.4579037866E+02
+5.1900000000E+09,+8.0732818568E-01,+9.7665245771E-01
+5.1930000000E+09,+8.0549062458E-01,-1.4724498073E+02
+5.1960000000E+09,+8.0128712720E-01,+9.8069260321E-01
+5.1990000000E+09,+7.9744848012E-01,-1.4855870655E+02
+5.2020000000E+09,+7.9175212073E-01,+9.7698437475E-01
+5.2050000000E+09,+7.8910441415E-01,-1.5009750677E+02
+5.2080000000E+09,+7.8743902939E-01,+9.7410262684E-01
+5.2110000000E+09,+7.8286779217E-01,-1.5158551731E+02
+5.2140000000E+09,+7.7967656272E-01,+9.7547850175E-01
+5.2170000000E+09,+7.7700760373E-01,-1.5310391054E+02
+5.2200000000E+09,+7.7330648975E-01,+9.6875380372E-01
+5.2230000000E+09,+7.6786578651E-01,-1.5477546753E+02
+5.2260000000E+09,+7.6451307418E-01,+9.7916131438E-01
+5.2290000000E+09,+7.6029293646E-01,-1.5579767691E+02
+5.2320000000E+09,+7.5603943854E-01,+9.7672804132E-01
+5.2350000000E+09,+7.5381815551E-01,-1.5733596243E+02
+5.2380000000E+09,+7.4973151461E-01,+9.7449586644E-01
+5.2410000000E+09,+7.4716968839E-01,-1.5877303186E+02
+5.2440000000E+09,+7.4501469463E-01,+9.7353612529E-01
+5.2470000000E+09,+7.4089559970E-01,-1.6030987158E+02
+5.2500000000E+09,+7.3987801451E-01,+9.7568586169E-01
+5.2530000000E+09,+7.3929847742E-01,-1.6165997683E+02
+5.2560000000E+09,+7.3646133041E-01,+9.7518659130E-01
+5.2590000000E+09,+7.3657303111E-01,-1.6322651305E+02
+5.2620000000E+09,+7.3665738898E-01,+9.7793666473E-01
+5.2650000000E+09,+7.3342931485E-01,-1.6460364162E+02
+5.2680000000E+09,+7.3255713608E-01,+9.7565670325E-01
+5.2710000000E+09,+7.3263532080E-01,-1.6608874127E+02
+5.2740000000E+09,+7.3476778830E-01,+9.7540515576E-01
+5.2770000000E+09,+7.3610671225E-01,-1.6755263293E+02
+5.2800000000E+09,+7.3579559136E-01,+9.7963549425E-01
+5.2830000000E+09,+7.3875762044E-01,-1.6881232337E+02
+5.2860000000E+09,+7.4129027984E-01,+9.7444067284E-01
+5.2890000000E+09,+7.4530714230E-01,-1.7060161491E+02
+5.2920000000E+09,+7.4944388020E-01,+9.6831568916E-01
+5.2950000000E+09,+7.5319377365E-01,-1.7228742767E+02
+5.2980000000E+09,+7.5921370434E-01,+9.7794560206E-01
+5.3010000000E+09,+7.6268012148E-01,-1.7324900485E+02
+5.3040000000E+09,+7.6962246578E-01,+9.7942587783E-01
+5.3070000000E+09,+7.7634647068E-01,-1.7456166933E+02
+5.3100000000E+09,+7.8277427895E-01,+9.8183866619E-01
+5.3130000000E+09,+7.9048583703E-01,-1.7586308031E+02
+5.3160000000E+09,+8.0038678449E-01,+9.7741694809E-01
+5.3190000000E+09,+8.0721373394E-01,-1.7766874046E+02
+5.3220000000E+09,+8.1288064102E-01,+9.7718038528E-01
+5.3250000000E+09,+8.2171399254E-01,-1.7906683931E+02
+5.3280000000E+09,+8.3306734978E-01,+9.7683568362E-01
+5.3310000000E+09,+8.4425220229E-01,+1.7945411074E+02
+5.3340000000E+09,+8.5062235833E-01,+9.7584232032E-01
+5.3370000000E+09,+8.5884808317E-01,+1.7790065129E+02
+5.3400000000E+09,+8.7046082893E-01,+9.8143640408E-01
+5.3430000000E+09,+8.8114374667E-01,+1.7680017416E+02
+5.3460000000E+09,+8.8785684125E-01,+9.8688958274E-01
+5.3490000000E+09,+8.9707520212E-01,+1.7568778649E+02
+5.3520000000E+09,+9.0615571381E-01,+9.7799535133E-01
+5.3550000000E+09,+9.0740818762E-01,+1.7380833464E+02
+5.3580000000E+09,+9.1731324749E-01,+9.8058248880E-01
+5.3610000000E+09,+9.2750797022E-01,+1.7238275815E+02
+5.3640000000E+09,+9.3502529423E-01,+9.7873131756E-01
+5.3670000000E+09,+9.3718618813E-01,+1.7079887051E+02
+5.3700000000E+09,+9.3961081194E-01,+9.8037635282E-01
+5.3730000000E+09,+9.4071788794E-01,+1.6955225274E+02
+5.3760000000E+09,+9.5134063394E-01,+9.7795320095E-01
+5.3790000000E+09,+9.5027694471E-01,+1.6797399366E+02
+5.3820000000E+09,+9.5135201163E-01,+9.7732809774E-01
+5.3850000000E+09,+9.6012125369E-01,+1.6631949258E+02
+5.3880000000E+09,+9.5198441845E-01,+9.7557803536E-01
+5.3910000000E+09,+9.5362982268E-01,+1.6485952147E+02
+5.3940000000E+09,+9.5102172470E-01,+9.7847247109E-01
+5.3970000000E+09,+9.5785121791E-01,+1.6367495921E+02
+5.4000000000E+09,+9.4956581001E-01,+9.7666327926E-01
+5.4030000000E+09,+9.5173729725E-01,+1.6201992776E+02
+5.4060000000E+09,+9.4876210579E-01,+9.7490608192E-01
+5.4090000000E+09,+9.4411352275E-01,+1.6041055384E+02
+5.4120000000E+09,+9.4460063900E-01,+9.7750818922E-01
+5.4150000000E+09,+9.3800779648E-01,+1.5929321057E+02
+5.4180000000E+09,+9.3124655636E-01,+9.7248090148E-01
+5.4210000000E+09,+9.2878378138E-01,+1.5756509721E+02
+5.4240000000E+09,+9.2072052032E-01,+9.7669699238E-01
+5.4270000000E+09,+9.1532953802E-01,+1.5627764086E+02
+5.4300000000E+09,+9.1086628765E-01,+9.7890721343E-01
+5.4330000000E+09,+9.0250895574E-01,+1.5519109272E+02
+5.4360000000E+09,+8.9324435131E-01,+9.7542642004E-01
+5.4390000000E+09,+8.8628242143E-01,+1.5356370636E+02
+5.4420000000E+09,+8.8129522696E-01,+9.7588358607E-01
+5.4450000000E+09,+8.7301022153E-01,+1.5203783352E+02
+5.4480000000E+09,+8.4801729235E-01,+9.7586532752E-01
+5.4510000000E+09,+8.5147280624E-01,+1.5068058568E+02
+5.4540000000E+09,+8.3749314118E-01,+9.7652605774E-01
+5.4570000000E+09,+8.2669307466E-01,+1.4925479148E+02
+5.4600000000E+09,+8.0879413942E-01,+9.7436078323E-01
+5.4630000000E+09,+7.9094228832E-01,+1.4767372318E+02
+5.4660000000E+09,+7.7956957954E-01,+9.7674502459E-01
+5.4690000000E+09,+7.5824731054E-01,+1.4653609421E+02
+5.4720000000E+09,+7.4958338147E-01,+9.7847174548E-01
+5.4750000000E+09,+7.3664640814E-01,+1.4512400086E+02
+5.4780000000E+09,+7.2305843121E-01,+9.7813535058E-01
+5.4810000000E+09,+7.0993264514E-01,+1.4382701401E+02
+5.4840000000E+09,+6.9771000271E-01,+9.8097309562E-01
+5.4870000000E+09,+6.8187653814E-01,+1.4241683160E+02
+5.4900000000E+09,+6.8149974366E-01,+9.7649505968E-01
+5.4930000000E+09,+6.6512167820E-01,+1.4087207297E+02
+5.4960000000E+09,+6.5996634725E-01,+9.8046571023E-01
+5.4990000000E+09,+6.4740815536E-01,+1.3973314459E+02
+5.5020000000E+09,+6.3270105974E-01,+9.7921625830E-01
+5.5050000000E+09,+6.2980386189E-01,+1.3806833407E+02
+5.5080000000E+09,+6.2287155376E-01,+9.7721737221E-01
+5.5110000000E+09,+6.1662263586E-01,+1.3646935664E+02
+5.5140000000E+09,+6.1332764901E-01,+9.7557332500E-01
+5.5170000000E+09,+6.0733971780E-01,+1.3510101988E+02
+5.5200000000E+09,+6.0737882313E-01,+9.7669935091E-01
+5.5230000000E+09,+6.0779381797E-01,+1.3362943272E+02
+5.5260000000E+09,+6.0998298239E-01,+9.7444612390E-01
+5.5290000000E+09,+6.1371256859E-01,+1.3197781326E+02
+5.5320000000E+09,+6.1692267196E-01,+9.7885939819E-01
+5.5350000000E+09,+6.2016436160E-01,+1.3086408112E+02
+5.5380000000E+09,+6.3101147404E-01,+9.7286731466E-01
+5.5410000000E+09,+6.3504280816E-01,+1.2894973993E+02
+5.5440000000E+09,+6.5257004910E-01,+9.7931683092E-01
+5.5470000000E+09,+6.6043141179E-01,+1.2818383151E+02
+5.5500000000E+09,+6.7416208873E-01,+9.7440155002E-01
+5.5530000000E+09,+6.9236859621E-01,+1.2611474329E+02
+5.5560000000E+09,+7.1404823753E-01,+9.7882353278E-01
+5.5590000000E+09,+7.3553530366E-01,+1.2523644102E+02
+5.5620000000E+09,+7.6111653930E-01,+9.7495671103E-01
+5.5650000000E+09,+7.8927429690E-01,+1.2341872057E+02
+5.5680000000E+09,+8.1346421319E-01,+9.7376784411E-01
+5.5710000000E+09,+8.3785474544E-01,+1.2179177923E+02
+5.5740000000E+09,+8.6271495557E-01,+9.7919513439E-01
+5.5770000000E+09,+8.7259997856E-01,+1.2072053742E+02
+5.5800000000E+09,+8.8912451335E-01,+9.7922552758E-01
+5.5830000000E+09,+8.7420502452E-01,+1.1966347994E+02
+5.5860000000E+09,+8.6748100700E-01,+9.7633392821E-01
+5.5890000000E+09,+8.3031974912E-01,+1.1800125536E+02
+5.5920000000E+09,+7.9876258540E-01,+9.7791387763E-01
+5.5950000000E+09,+7.5052844682E-01,+1.1645746787E+02
+5.5980000000E+09,+7.0404520498E-01,+9.7796349301E-01
+5.6010000000E+09,+6.4983156339E-01,+1.1521372238E+02
+5.6040000000E+09,+6.0077498243E-01,+9.7943248791E-01
+5.6070000000E+09,+5.5504762807E-01,+1.1396320177E+02
+5.6100000000E+09,+5.1330376441E-01,+9.8005302730E-01
+5.6130000000E+09,+4.7265078033E-01,+1.1257258625E+02
+5.6160000000E+09,+4.3647151936E-01,+9.7898946414E-01
+5.6190000000E+09,+4.0276440615E-01,+1.1090445327E+02
+5.6220000000E+09,+3.7293459117E-01,+9.7621600466E-01
+5.6250000000E+09,+3.4633303587E-01,+1.0929320860E+02
+5.6280000000E+09,+3.2299420973E-01,+9.7796846440E-01
+5.6310000000E+09,+3.0290711972E-01,+1.0822579029E+02
+5.6340000000E+09,+2.8173951902E-01,+9.7898011629E-01
+5.6370000000E+09,+2.6038322509E-01,+1.0666475598E+02
+5.6400000000E+09,+2.4526144099E-01,+9.7855269551E-01
+5.6430000000E+09,+2.3086410612E-01,+1.0546438691E+02
+5.6460000000E+09,+2.1685452852E-01,+9.7672727010E-01
+5.6490000000E+09,+2.0329046827E-01,+1.0371683104E+02
+5.6520000000E+09,+1.8988230239E-01,+9.7642398480E-01
+5.6550000000E+09,+1.7889678061E-01,+1.0247673387E+02
+5.6580000000E+09,+1.6763392854E-01,+9.7850292092E-01
+5.6610000000E+09,+1.6007870529E-01,+1.0078663637E+02
+5.6640000000E+09,+1.4866621614E-01,+9.7926459488E-01
+5.6670000000E+09,+1.4195688726E-01,+9.9416906541E+01
+5.6700000000E+09,+1.3286348271E-01,+9.7741945707E-01
+5.6730000000E+09,+1.2493607762E-01,+9.8232987783E+01
+5.6760000000E+09,+1.1600854665E-01,+9.7513105354E-01
+5.6790000000E+09,+1.0955421205E-01,+9.6198210369E+01
+5.6820000000E+09,+1.0322568079E-01,+9.7488080142E-01
+5.6850000000E+09,+9.7235125175E-02,+9.5030087982E+01
+5.6880000000E+09,+9.4048001317E-02,+9.7472476894E-01
+5.6910000000E+09,+8.7260445929E-02,+9.3646602048E+01
+5.6940000000E+09,+8.2367846438E-02,+9.7591021733E-01
+5.6970000000E+09,+7.7821042582E-02,+9.2647625963E+01
+5.7000000000E+09,+7.3519542407E-02,+9.7587005071E-01
+5.7030000000E+09,+7.0507151807E-02,+9.0867316861E+01
+5.7060000000E+09,+6.6276784525E-02,+9.7419860394E-01
+5.7090000000E+09,+6.2661925283E-02,+8.9421392092E+01
+5.7120000000E+09,+5.9807145122E-02,+9.7263611670E-01
+5.7150000000E+09,+5.7405158050E-02,+8.8069244373E+01
+5.7180000000E+09,+5.3312797763E-02,+9.7215167153E-01
+5.7210000000E+09,+5.0431305792E-02,+8.6350591427E+01
+5.7240000000E+09,+4.7998507027E-02,+9.7175089473E-01
+5.7270000000E+09,+4.6806819403E-02,+8.4835108100E+01
+5.7300000000E+09,+4.4062848197E-02,+9.7579265143E-01
+5.7330000000E+09,+4.1286983628E-02,+8.3859615758E+01
+5.7360000000E+09,+3.9152386493E-02,+9.7079161521E-01
+5.7390000000E+09,+3.7870013828E-02,+8.1982283094E+01
+5.7420000000E+09,+3.5085764898E-02,+9.7259616385E-01
+5.7450000000E+09,+3.3625218068E-02,+8.0936283632E+01
+5.7480000000E+09,+3.0857980762E-02,+9.7105450852E-01
+5.7510000000E+09,+3.0768981617E-02,+7.9392888851E+01
+5.7540000000E+09,+2.9670828447E-02,+9.7040754929E-01
+5.7570000000E+09,+2.7397277144E-02,+7.7975379115E+01
+5.7600000000E+09,+2.7635999159E-02,+9.7032979798E-01
+5.7630000000E+09,+2.4387949046E-02,+7.6836591705E+01
+5.7660000000E+09,+2.4181217184E-02,+9.7073950889E-01
+5.7690000000E+09,+2.3806932769E-02,+7.5481242117E+01
+5.7720000000E+09,+2.2491316229E-02,+9.7038448048E-01
+5.7750000000E+09,+2.0834165621E-02,+7.4082930857E+01
+5.7780000000E+09,+2.2388301182E-02,+9.7068025431E-01
+5.7810000000E+09,+1.8383190976E-02,+7.2103562955E+01
+5.7840000000E+09,+1.7751888299E-02,+9.6912964345E-01
+5.7870000000E+09,+1.8671514771E-02,+7.1396798065E+01
+5.7900000000E+09,+1.8055239014E-02,+9.6921211070E-01
+5.7930000000E+09,+1.6338876368E-02,+6.9967350551E+01
+5.7960000000E+09,+1.7071745042E-02,+9.7021871803E-01
+5.7990000000E+09,+1.5795660460E-02,+6.8445437963E+01
+5.8020000000E+09,+1.5039103140E-02,+9.7046628156E-01
+5.8050000000E+09,+1.4580344089E-02,+6.7235001991E+01
+5.8080000000E+09,+1.4573066097E-02,+9.7087671787E-01
+5.8110000000E+09,+1.3111336464E-02,+6.5387408018E+01
+5.8140000000E+09,+1.3437087208E-02,+9.7055790354E-01
+5.8170000000E+09,+1.2712948642E-02,+6.4080504290E+01
+5.8200000000E+09,+1.2861426955E-02,+9.7181065361E-01
+5.8230000000E+09,+1.1455839641E-02,+6.2610621049E+01
+5.8260000000E+09,+1.1178024593E-02,+9.7271335436E-01
+5.8290000000E+09,+1.1129760321E-02,+6.1412799242E+01
+5.8320000000E+09,+1.0377053615E-02,+9.7262830345E-01
+5.8350000000E+09,+1.0993095297E-02,+5.9956829892E+01
+5.8380000000E+09,+9.0172246256E-03,+9.7188582292E-01
+5.8410000000E+09,+1.0186481272E-02,+5.8497737179E+01
+5.8440000000E+09,+1.0094120736E-02,+9.7454013714E-01
+5.8470000000E+09,+1.0569747297E-02,+5.7037295853E+01
+5.8500000000E+09,+7.7098494745E-03,+9.7121146154E-01
+5.8530000000E+09,+8.0524904652E-03,+5.5887375599E+01
+5.8560000000E+09,+8.8856910489E-03,+9.7381571151E-01
+5.8590000000E+09,+8.8999802896E-03,+5.4610121160E+01
+5.8620000000E+09,+7.7704407196E-03,+9.7192974374E-01
+5.8650000000E+09,+9.7840042509E-03,+5.2739131358E+01
+5.8680000000E+09,+7.3230102609E-03,+9.7482434493E-01
+5.8710000000E+09,+7.4544447437E-03,+5.1730110961E+01
+5.8740000000E+09,+6.9934676826E-03,+9.7412231730E-01
+5.8770000000E+09,+6.5810992173E-03,+5.0105458442E+01
+5.8800000000E+09,+6.2413137913E-03,+9.7207630186E-01
+5.8830000000E+09,+7.9805879769E-03,+4.8684801842E+01
+5.8860000000E+09,+7.2081234478E-03,+9.7484253801E-01
+5.8890000000E+09,+5.5799368931E-03,+4.7237157092E+01
+5.8920000000E+09,+7.8560931264E-03,+9.7547610280E-01
+5.8950000000E+09,+5.9211307971E-03,+4.5944503078E+01
+5.8980000000E+09,+7.7309179409E-03,+9.7504654567E-01
+5.9010000000E+09,+6.1987756750E-03,+4.4545338031E+01
+5.9040000000E+09,+6.4775445827E-03,+9.7500005043E-01
+5.9070000000E+09,+6.0847692851E-03,+4.2578196402E+01
+5.9100000000E+09,+5.3544975696E-03,+9.7695229089E-01
+5.9130000000E+09,+3.5758440749E-03,+4.1628224718E+01
+5.9160000000E+09,+4.4033741259E-03,+9.7812736995E-01
+5.9190000000E+09,+3.6560054885E-03,+4.0146422644E+01
+5.9220000000E+09,+3.9005740253E-03,+9.7564574065E-01
+5.9250000000E+09,+6.0189808890E-03,+3.8800582189E+01
+5.9280000000E+09,+6.4128029136E-03,+9.7768385302E-01
+5.9310000000E+09,+6.7537398804E-03,+3.6959078068E+01
+5.9340000000E+09,+5.7424585003E-03,+9.7579605186E-01
+5.9370000000E+09,+3.7397677379E-03,+3.5691583883E+01
+5.9400000000E+09,+3.8890873701E-03,+9.7749510334E-01
+5.9430000000E+09,+3.4167006742E-03,+3.4287439973E+01
+5.9460000000E+09,+5.2848342621E-03,+9.7699551007E-01
+5.9490000000E+09,+6.3872821536E-03,+3.3116076800E+01
+5.9520000000E+09,+7.1220248565E-03,+9.7668147570E-01
+5.9550000000E+09,+3.4990253140E-03,+3.1253669062E+01
+5.9580000000E+09,+7.7376087957E-03,+9.7974819872E-01
+5.9610000000E+09,+4.9547251248E-03,+2.9930664676E+01
+5.9640000000E+09,+3.5881954446E-03,+9.8007660695E-01
+5.9670000000E+09,+3.1878538480E-03,+2.8780640138E+01
+5.9700000000E+09,+2.5629720917E-03,+9.7819667254E-01
+5.9730000000E+09,+1.8424749305E-03,+2.7227892111E+01
+5.9760000000E+09,+2.3197466210E-03,+9.8086283431E-01
+5.9790000000E+09,+5.2304934534E-03,+2.5759694269E+01
+5.9820000000E+09,+5.4678536317E-03,+9.7812457325E-01
+5.9850000000E+09,+5.2839014634E-03,+2.4461075728E+01
+5.9880000000E+09,+3.7555077010E-03,+9.7946449431E-01
+5.9910000000E+09,+1.5723104725E-03,+2.2817068099E+01
+5.9940000000E+09,+2.2562248604E-03,+9.7965173371E-01
+5.9970000000E+09,+2.9418759421E-03,+2.1514451155E+01
+6.0000000000E+09,+2.4470705135E-03,+9.7880971155E-01
